Survived,Pclass,Fare,Age_fin,C,Q,S,Con hermanos o c√≥nyuge,Con hijos a bordo,female
0,3,7.25,22.0,0,0,1,1,0,0
1,1,71.2833,38.0,1,0,0,1,0,1
1,3,7.925,26.0,0,0,1,0,0,1
1,1,53.1,35.0,0,0,1,1,0,1
0,3,8.05,35.0,0,0,1,0,0,0
0,3,8.4583,54.0,0,0,1,0,0,0
0,1,51.8625,2.0,0,0,1,1,1,0
0,3,21.075,27.0,0,0,1,0,1,1
1,3,11.1333,14.0,1,0,0,1,0,1
1,2,30.0708,4.0,0,0,1,1,1,1
1,3,16.7,58.0,0,0,1,0,0,1
1,1,26.55,20.0,0,0,1,0,0,0
0,3,8.05,39.0,0,0,1,1,1,0
0,3,31.275,14.0,0,0,1,0,0,1
0,3,7.8542,55.0,0,0,1,0,0,1
1,2,16.0,2.0,0,1,0,1,1,0
0,3,29.125,31.0,0,0,1,1,0,1
1,2,13.0,35.0,0,0,1,0,0,0
0,3,18.0,34.0,0,0,1,0,0,0
1,3,7.225,15.0,0,1,0,0,0,1
0,2,26.0,28.0,0,0,1,0,0,0
1,2,13.0,8.0,0,0,1,1,1,1
1,3,8.0292,38.0,0,0,1,1,1,1
1,1,35.5,19.0,0,0,1,1,1,0
0,3,21.075,40.0,1,0,0,0,0,0
1,3,31.3875,66.0,0,0,1,0,0,0
0,3,7.225,28.0,1,0,0,1,0,0
0,1,52.0,42.0,0,0,1,1,0,0
1,3,7.8792,21.0,0,0,1,0,0,0
0,3,7.8958,18.0,0,0,1,1,0,1
0,1,27.7208,14.0,1,0,0,1,0,1
1,1,52.0,40.0,0,0,1,1,0,1
1,3,7.75,27.0,0,0,1,1,0,1
0,2,10.5,3.0,1,0,0,1,1,1
0,1,82.1708,19.0,0,1,0,0,0,1
0,1,52.0,18.0,0,0,1,1,0,1
1,3,7.2292,7.0,0,0,1,1,1,0
0,3,8.05,21.0,0,0,1,0,0,0
0,3,18.0,49.0,1,0,0,1,0,1
1,3,11.2417,29.0,0,0,1,1,0,1
0,3,9.475,65.0,1,0,0,0,1,0
0,2,21.0,21.0,0,0,1,0,0,1
0,3,7.8958,28.5,1,0,0,0,0,0
1,2,41.5792,5.0,0,0,1,1,1,1
1,3,7.8792,11.0,0,0,1,1,1,0
0,3,8.05,22.0,1,0,0,0,0,0
0,3,15.5,38.0,0,0,1,0,0,1
1,3,7.75,45.0,0,0,1,1,0,0
0,3,21.6792,4.0,0,0,1,1,1,0
0,3,17.8,29.0,0,0,1,0,0,1
0,3,39.6875,19.0,0,0,1,0,0,0
0,3,7.8,17.0,0,0,1,1,1,1
1,1,76.7292,26.0,0,0,1,1,0,0
1,2,26.0,32.0,0,0,1,0,0,0
0,1,61.9792,16.0,0,0,1,1,1,1
1,1,35.5,21.0,0,0,1,0,0,0
1,2,10.5,26.0,1,0,0,1,0,0
0,3,7.2292,32.0,0,0,1,0,0,0
1,2,27.75,25.0,0,0,1,0,0,0
0,3,46.9,0.83,0,0,1,0,1,0
0,3,7.2292,30.0,0,0,1,0,0,1
1,1,80.0,22.0,0,0,1,0,0,0
0,1,83.475,29.0,0,0,1,0,0,0
0,3,27.9,28.0,0,0,1,0,0,0
0,1,27.7208,17.0,0,0,1,0,0,1
1,3,15.2458,33.0,0,0,1,1,0,1
1,2,10.5,16.0,0,0,1,1,1,0
0,3,8.1583,23.0,0,0,1,1,1,1
1,3,7.925,24.0,0,0,1,0,0,0
0,3,8.6625,29.0,0,0,1,0,0,0
0,2,10.5,20.0,0,0,1,0,0,0
0,3,46.9,46.0,0,0,1,1,0,0
0,2,73.5,26.0,0,0,1,1,1,0
0,3,14.4542,59.0,0,0,1,0,0,0
1,3,56.4958,71.0,1,0,0,0,0,0
0,3,7.65,23.0,1,0,0,0,1,0
0,3,7.8958,34.0,0,0,1,0,1,1
0,3,8.05,34.0,0,0,1,1,0,0
1,2,29.0,28.0,0,0,1,0,0,1
1,3,12.475,21.0,0,0,1,0,1,0
0,3,9.0,33.0,0,0,1,0,0,0
1,3,9.5,37.0,0,0,1,1,0,0
1,3,7.7875,28.0,0,0,1,0,0,0
0,1,47.1,21.0,0,0,1,0,0,1
1,2,10.5,38.0,0,0,1,0,0,0
1,3,15.85,47.0,0,0,1,0,0,0
0,3,34.375,14.5,1,0,0,1,0,1
0,3,8.05,22.0,0,0,1,0,0,0
1,1,52.0,20.0,0,0,1,1,0,1
0,3,8.05,17.0,1,0,0,0,0,1
0,3,8.05,21.0,0,0,1,0,0,0
0,3,7.8542,70.5,0,1,0,0,0,0
0,1,61.175,29.0,0,0,1,1,0,0
0,3,20.575,24.0,1,0,0,0,1,0
0,3,7.25,2.0,0,0,1,1,1,1
0,3,8.05,21.0,0,0,1,1,0,0
0,1,34.6542,32.5,1,0,0,1,0,0
1,1,63.3583,32.5,0,0,1,0,0,1
1,2,23.0,54.0,0,0,1,0,1,0
0,2,26.0,12.0,1,0,0,1,0,0
0,3,7.8958,24.0,0,0,1,0,0,0
0,3,7.8958,45.0,0,0,1,0,0,0
0,1,77.2875,33.0,1,0,0,0,0,0
0,3,8.6542,20.0,0,0,1,0,0,0
0,3,7.925,47.0,0,0,1,1,0,1
0,3,7.8958,29.0,0,0,1,1,0,1
1,3,7.65,25.0,0,0,1,0,0,0
1,3,7.775,23.0,1,0,0,0,0,0
0,3,7.8958,19.0,0,0,1,0,1,1
1,3,24.15,37.0,0,0,1,1,0,0
0,1,52.0,16.0,0,0,1,0,0,0
0,3,14.4542,24.0,1,0,0,0,0,0
0,3,8.05,22.0,0,0,1,0,0,1
0,3,9.825,24.0,0,0,1,1,0,1
0,3,14.4583,19.0,0,1,0,0,0,0
0,3,7.925,18.0,0,0,1,0,0,0
0,3,7.75,19.0,0,0,1,1,1,0
0,2,21.0,27.0,0,0,1,0,0,0
0,1,52.0,9.0,0,0,1,1,1,1
0,3,31.275,36.5,0,0,1,0,1,0
0,2,73.5,42.0,0,0,1,0,0,0
0,3,8.05,51.0,0,0,1,0,0,0
0,2,30.0708,22.0,0,0,1,1,0,1
1,2,13.0,55.5,0,0,1,0,0,0
0,1,77.2875,40.5,0,0,1,0,1,0
1,3,11.2417,51.0,1,0,0,0,1,0
0,3,7.75,16.0,0,1,0,0,0,1
1,3,7.1417,30.0,0,0,1,0,0,0
1,3,22.3583,44.0,0,0,1,0,1,0
0,3,6.975,40.0,0,0,1,0,0,1
0,3,7.8958,26.0,0,0,1,0,0,0
0,3,7.05,17.0,0,0,1,0,0,0
0,3,14.5,1.0,0,0,1,1,1,0
1,2,26.0,9.0,0,0,1,0,1,0
0,2,13.0,45.0,0,0,1,1,1,1
0,2,15.0458,28.0,0,0,1,0,0,0
1,1,26.2833,61.0,0,0,1,0,0,0
0,1,53.1,4.0,0,1,0,1,1,0
0,3,9.2167,1.0,0,0,1,1,1,1
0,1,79.2,21.0,0,0,1,0,0,0
0,3,15.2458,56.0,1,0,0,0,0,0
1,3,7.75,18.0,0,0,1,1,1,0
1,3,15.85,50.0,1,0,0,0,0,1
0,3,6.75,30.0,0,0,1,0,0,0
0,2,11.5,36.0,0,0,1,0,0,0
0,2,36.75,9.0,0,0,1,1,1,0
1,3,7.7958,1.0,0,0,1,1,1,0
0,3,34.375,4.0,0,0,1,0,1,1
0,2,26.0,45.0,0,0,1,0,0,0
0,2,13.0,40.0,0,1,0,1,1,0
0,2,12.525,36.0,0,0,1,0,0,0
1,1,66.6,32.0,0,0,1,0,0,1
0,3,8.05,19.0,0,0,1,0,0,0
0,3,14.5,19.0,0,0,1,1,0,1
0,3,7.3125,3.0,0,0,1,1,1,0
0,1,61.3792,44.0,1,0,0,0,0,1
1,3,7.7333,58.0,1,0,0,0,0,1
0,3,8.05,42.0,0,0,1,0,1,0
0,3,8.6625,24.0,0,0,1,0,0,1
0,3,69.55,28.0,0,0,1,0,0,0
0,3,16.1,34.0,0,0,1,0,0,0
1,2,15.75,45.5,1,0,0,0,0,0
0,3,7.775,18.0,0,0,1,0,0,0
0,3,8.6625,2.0,0,0,1,0,1,1
0,3,39.6875,32.0,0,0,1,1,0,0
1,3,20.525,26.0,1,0,0,0,0,0
1,1,55.0,16.0,0,1,0,0,0,1
0,3,27.9,40.0,1,0,0,0,0,0
0,1,25.925,24.0,0,0,1,0,0,0
0,3,56.4958,35.0,0,0,1,0,0,1
0,1,33.5,22.0,0,0,1,0,0,0
0,3,29.125,30.0,0,0,1,0,0,0
1,3,11.1333,31.0,1,0,0,1,0,1
0,3,7.925,27.0,0,0,1,0,0,1
0,1,30.6958,42.0,0,0,1,1,0,0
0,3,7.8542,32.0,1,0,0,0,0,1
0,3,25.4667,30.0,0,0,1,0,0,0
0,1,28.7125,16.0,0,0,1,0,0,0
0,2,13.0,27.0,0,0,1,0,0,0
0,3,13.0,51.0,0,0,1,0,0,0
0,3,69.55,38.0,0,0,1,1,0,0
0,2,15.05,22.0,0,0,1,0,0,0
0,3,31.3875,19.0,0,0,1,0,0,0
1,2,39.0,20.5,0,0,1,0,0,0
1,3,22.025,18.0,0,0,1,0,0,0
0,1,50.0,35.0,0,0,1,1,0,1
1,3,15.5,29.0,0,0,1,0,0,0
1,1,26.55,59.0,0,0,1,0,0,0
0,3,15.5,5.0,0,0,1,1,1,1
0,3,7.8958,24.0,0,0,1,0,0,0
1,2,13.0,44.0,0,0,1,1,0,0
0,2,13.0,8.0,0,0,1,0,1,1
1,3,7.8542,19.0,0,0,1,0,0,0
1,2,26.0,33.0,0,0,1,0,0,0
1,1,27.7208,29.0,0,0,1,0,0,0
1,1,52.0,22.0,0,0,1,0,0,0
0,3,7.75,30.0,1,0,0,0,0,0
0,3,8.4042,44.0,0,1,0,1,0,0
1,3,7.75,25.0,0,0,1,0,0,1
0,2,13.0,24.0,0,0,1,0,1,1
0,3,9.5,37.0,0,0,1,1,1,0
0,3,69.55,54.0,0,0,1,1,0,0
0,3,6.4958,29.0,0,0,1,1,1,1
0,3,7.225,62.0,0,0,1,0,0,0
1,3,8.05,30.0,0,0,1,1,0,0
0,3,10.4625,41.0,0,0,1,0,1,1
0,3,15.85,29.0,1,0,0,0,1,1
1,3,18.7875,30.0,0,0,1,0,0,1
1,3,7.75,35.0,1,0,0,0,0,1
1,1,31.0,50.0,0,0,1,0,1,1
0,3,7.05,3.0,0,0,1,1,1,0
1,2,21.0,52.0,0,0,1,1,1,0
0,3,7.25,40.0,0,0,1,0,0,0
0,2,13.0,36.0,0,0,1,0,0,0
0,3,7.75,16.0,0,0,1,1,1,0
1,1,52.0,25.0,0,0,1,1,0,0
1,3,7.925,58.0,0,0,1,0,1,1
0,2,27.0,35.0,0,0,1,0,0,1
1,1,76.2917,25.0,0,0,1,0,0,0
0,2,10.5,41.0,0,0,1,0,1,1
1,3,8.05,37.0,1,0,0,0,1,0
0,2,13.0,63.0,0,0,1,1,0,1
0,3,8.05,45.0,0,0,1,0,0,1
0,3,7.8958,7.0,0,1,0,1,1,0
1,1,90.0,35.0,0,0,1,1,1,1
0,3,9.35,65.0,0,1,0,0,0,0
1,2,10.5,28.0,0,0,1,0,0,0
0,3,7.25,16.0,0,0,1,0,0,0
0,2,13.0,19.0,0,0,1,0,0,0
0,3,25.4667,33.0,1,0,0,0,0,0
1,1,83.475,30.0,0,0,1,0,0,0
0,3,7.775,22.0,0,0,1,0,0,0
0,2,13.5,42.0,0,0,1,0,0,0
1,3,31.3875,22.0,0,1,0,0,0,1
0,2,10.5,26.0,0,0,1,0,0,1
0,3,7.55,19.0,1,0,0,1,0,1
0,2,26.0,36.0,1,0,0,0,0,0
1,2,26.25,24.0,0,0,1,0,0,1
0,2,10.5,24.0,0,0,1,0,0,0
0,2,12.275,23.5,1,0,0,0,0,0
0,3,14.4542,2.0,0,0,1,1,1,1
1,3,15.5,50.0,1,0,0,0,1,1
0,2,10.5,19.0,0,0,1,0,0,0
0,3,7.125,0.92,0,0,1,1,1,0
0,3,7.225,17.0,1,0,0,1,0,1
0,1,90.0,30.0,1,0,0,1,0,0
0,3,7.775,30.0,1,0,0,0,0,1
1,2,14.5,24.0,1,0,0,0,0,1
1,1,52.5542,18.0,1,0,0,1,1,1
0,2,26.0,26.0,0,0,1,1,1,1
0,3,7.25,28.0,0,0,1,0,0,0
0,3,10.4625,43.0,0,0,1,1,1,0
0,1,26.55,26.0,0,0,1,0,0,1
0,3,16.1,24.0,0,0,1,1,0,1
0,3,20.2125,54.0,0,0,1,0,0,0
1,3,15.2458,31.0,0,0,1,0,1,1
1,1,79.2,40.0,1,0,0,1,1,1
1,1,86.5,22.0,0,0,1,0,0,0
1,1,52.0,27.0,0,0,1,0,0,0
1,2,26.0,30.0,0,1,0,0,0,1
0,3,7.75,22.0,0,0,1,1,1,1
1,3,31.3875,36.0,1,0,0,0,0,1
0,1,79.65,61.0,0,0,1,0,0,0
0,1,50.0,36.0,0,0,1,0,0,1
0,3,7.75,31.0,0,0,1,1,1,1
0,2,10.5,16.0,1,0,0,0,1,1
0,3,39.6875,45.5,0,0,1,0,0,0
1,3,7.775,38.0,0,0,1,0,1,0
1,1,52.0,16.0,0,0,1,1,0,0
1,1,52.0,29.0,0,0,1,1,0,0
0,1,31.0,41.0,1,0,0,0,0,1
1,3,13.0,45.0,0,0,1,0,0,0
1,2,19.5,45.0,0,0,1,0,0,0
0,1,29.7,2.0,0,0,1,1,1,0
1,3,7.75,24.0,0,0,1,1,1,1
1,1,77.9583,28.0,0,0,1,0,0,0
0,3,7.75,25.0,0,0,1,0,0,0
0,2,20.0,36.0,0,0,1,0,0,0
0,3,29.125,24.0,0,0,1,0,0,1
1,3,20.25,40.0,0,0,1,0,0,1
0,3,7.75,3.0,0,0,1,1,1,0
0,3,7.8542,42.0,0,0,1,0,0,0
0,3,9.5,23.0,0,0,1,0,0,0
1,3,8.05,15.0,1,0,0,1,1,0
0,1,26.0,25.0,0,0,1,1,0,0
0,3,8.6625,28.0,0,0,1,0,0,0
1,3,9.5,22.0,0,0,1,0,1,1
0,3,7.8958,38.0,0,0,1,0,0,1
1,2,13.0,40.0,0,0,1,1,1,0
1,3,7.75,29.0,1,0,0,1,0,0
1,1,78.85,45.0,1,0,0,0,1,1
1,1,91.0792,35.0,0,0,1,0,0,0
0,2,12.875,30.0,0,0,1,0,0,0
0,3,8.85,60.0,1,0,0,1,0,1
0,3,7.8958,24.0,1,0,0,0,0,1
0,1,27.7208,25.0,1,0,0,1,0,0
0,3,7.2292,18.0,0,0,1,1,0,0
0,1,52.0,19.0,0,0,1,0,0,0
1,1,30.5,22.0,1,0,0,0,0,0
1,1,52.0,3.0,0,0,1,1,1,1
1,3,7.75,22.0,0,0,1,0,0,1
1,3,23.25,27.0,1,0,0,0,1,0
0,3,13.0,20.0,1,0,0,0,0,0
1,2,12.35,19.0,0,0,1,0,0,0
0,3,8.05,42.0,1,0,0,0,0,1
1,1,52.0,1.0,1,0,0,0,1,1
1,1,52.0,32.0,0,0,1,0,0,0
1,1,52.0,35.0,0,0,1,1,0,1
0,2,24.0,18.0,0,0,1,0,0,0
1,1,56.9292,1.0,0,0,1,1,1,0
1,1,83.1583,36.0,0,0,1,0,0,1
1,1,52.0,17.0,1,0,0,0,0,1
0,2,26.0,36.0,0,0,1,1,1,0
0,3,7.8958,21.0,0,0,1,0,0,0
0,2,26.25,28.0,0,0,1,1,0,0
1,3,7.8542,23.0,1,0,0,1,0,1
1,2,26.0,24.0,0,0,1,0,1,1
0,2,14.0,22.0,0,0,1,0,0,0
1,1,52.0,31.0,0,0,1,0,0,1
1,1,52.0,46.0,0,0,1,0,0,0
0,3,7.25,23.0,0,0,1,0,0,0
0,3,7.8958,28.0,0,0,1,0,0,1
1,2,12.35,39.0,0,0,1,0,0,0
1,2,29.0,26.0,0,0,1,0,0,0
0,3,69.55,21.0,0,0,1,1,0,1
1,1,52.0,28.0,0,0,1,1,0,0
0,3,6.2375,20.0,0,0,1,0,0,1
1,2,13.0,34.0,0,0,1,1,0,0
1,3,20.525,51.0,0,0,1,0,0,0
1,1,57.9792,3.0,0,0,1,1,1,0
1,3,23.25,21.0,0,0,1,0,0,0
0,1,28.5,33.0,0,1,0,1,0,1
0,1,52.0,44.0,0,0,1,0,0,0
0,3,18.0,34.0,0,0,1,1,1,1
1,1,52.0,18.0,0,0,1,0,1,1
0,3,7.8958,30.0,0,0,1,0,0,0
0,1,66.6,10.0,0,0,1,0,1,1
1,1,52.0,21.0,0,1,0,0,0,0
1,3,8.05,29.0,0,0,1,0,0,0
0,1,35.5,28.0,0,0,1,1,1,1
1,2,26.0,18.0,0,0,1,1,1,0
1,1,52.0,28.0,0,0,1,1,0,1
0,2,13.0,19.0,0,0,1,0,0,1
0,2,13.0,32.0,0,0,1,0,0,0
0,2,13.0,28.0,0,0,1,0,0,0
1,2,13.0,42.0,0,0,1,1,0,1
1,2,13.0,17.0,0,0,1,0,0,0
1,3,16.1,50.0,0,0,1,1,0,0
1,3,15.9,14.0,0,0,1,1,1,1
0,3,8.6625,21.0,0,0,1,1,1,1
0,3,9.225,24.0,0,0,1,1,1,1
0,1,35.0,64.0,0,0,1,1,1,0
0,3,7.2292,31.0,0,0,1,0,0,0
0,3,17.8,45.0,0,0,1,1,1,1
0,3,7.225,20.0,0,0,1,0,0,0
0,3,9.5,25.0,0,0,1,1,0,0
1,1,55.0,28.0,0,0,1,0,0,1
0,2,13.0,4.0,0,0,1,0,1,0
1,3,7.8792,13.0,0,0,1,0,1,1
1,3,7.8792,34.0,0,0,1,0,0,0
0,3,27.9,5.0,1,0,0,1,1,1
0,2,27.7208,52.0,0,0,1,0,0,0
0,3,14.4542,36.0,0,0,1,1,1,0
0,3,7.05,30.0,1,0,0,0,0,0
0,3,15.5,49.0,1,0,0,1,0,0
0,3,7.25,29.0,1,0,0,0,0,0
1,1,75.25,65.0,0,0,1,0,0,0
1,3,7.2292,50.0,0,0,1,0,0,1
1,3,7.75,48.0,0,0,1,0,0,0
1,1,69.3,34.0,0,0,1,0,0,0
1,1,55.4417,47.0,0,0,1,0,0,0
0,3,6.4958,48.0,0,0,1,0,0,0
0,3,8.05,38.0,0,0,1,0,0,0
0,1,52.0,56.0,0,0,1,0,0,0
0,3,21.075,0.75,1,0,0,1,1,1
1,1,82.1708,38.0,0,0,1,0,0,0
1,3,7.25,33.0,0,0,1,1,1,1
0,1,52.0,23.0,1,0,0,0,0,1
0,3,4.0125,22.0,0,0,1,0,0,1
0,3,7.775,34.0,0,0,1,1,0,0
1,1,52.0,29.0,0,0,1,1,0,0
1,3,15.7417,22.0,0,0,1,0,0,0
0,3,7.925,2.0,0,0,1,0,1,1
1,1,52.0,9.0,0,0,1,1,1,0
0,3,7.8958,50.0,0,0,1,0,0,0
0,2,73.5,63.0,0,0,1,0,0,1
0,3,46.9,25.0,1,0,0,1,0,0
1,2,13.0,35.0,0,0,1,1,0,1
0,3,7.7292,58.0,1,0,0,0,0,0
1,2,12.0,30.0,0,0,1,0,0,0
1,1,52.0,9.0,0,0,1,1,1,0
1,3,7.7958,21.0,0,0,1,0,0,0
0,3,7.925,55.0,0,0,1,0,0,0
1,1,52.0,71.0,1,0,0,0,0,0
1,3,16.7,21.0,0,0,1,0,0,0
0,3,7.7958,54.0,1,0,0,1,0,1
0,3,7.8542,25.0,0,0,1,1,1,1
0,2,26.0,24.0,0,0,1,0,0,0
0,2,10.5,17.0,0,0,1,0,0,0
1,2,12.65,21.0,0,1,0,0,0,1
1,3,7.925,37.0,0,0,1,0,0,1
0,3,8.05,16.0,0,0,1,0,0,1
0,3,9.825,18.0,1,0,0,1,0,0
0,3,15.85,33.0,0,0,1,0,1,1
0,3,8.6625,28.0,0,0,1,0,0,0
0,2,21.0,26.0,0,0,1,0,0,0
0,3,7.75,29.0,0,1,0,0,0,0
1,2,18.75,36.0,0,0,1,0,0,0
0,3,7.775,54.0,1,0,0,1,0,1
0,3,25.4667,24.0,0,0,1,0,0,0
0,3,7.8958,47.0,0,0,1,0,0,0
0,3,6.8583,34.0,0,0,1,0,0,1
1,1,90.0,36.0,0,0,1,1,0,1
0,2,20.0,32.0,0,0,1,0,0,0
1,3,7.925,30.0,0,0,1,0,0,1
0,3,8.05,22.0,0,0,1,0,0,0
1,2,32.5,44.0,1,0,0,0,1,1
1,2,13.0,40.5,0,1,0,0,0,0
0,2,13.0,50.0,0,0,1,0,0,1
0,3,24.15,39.0,0,0,1,0,0,0
0,3,7.8958,23.0,0,0,1,1,1,0
0,3,7.7333,2.0,0,0,1,1,1,1
0,3,7.875,17.0,1,0,0,1,1,0
0,3,14.4,30.0,0,0,1,0,0,1
0,3,20.2125,7.0,0,0,1,0,1,1
0,3,7.25,45.0,0,0,1,0,0,0
1,2,26.0,30.0,1,0,0,0,0,1
1,2,26.0,22.0,1,0,0,0,1,1
0,3,7.75,36.0,0,0,1,0,1,1
1,3,8.05,9.0,0,0,1,1,1,1
1,1,26.55,11.0,0,0,1,1,1,1
1,3,16.1,32.0,0,0,1,1,0,0
1,2,26.0,50.0,1,0,0,1,0,0
0,3,7.125,64.0,0,0,1,0,0,0
0,1,55.9,19.0,0,0,1,1,0,1
1,1,52.0,33.0,0,0,1,1,1,0
0,3,34.375,8.0,0,0,1,1,1,0
1,2,18.75,17.0,1,0,0,0,1,0
0,1,52.0,27.0,0,0,1,0,0,0
0,2,10.5,22.0,1,0,0,0,0,0
1,2,26.25,22.0,0,0,1,0,0,1
0,3,9.5,62.0,0,0,1,0,0,0
0,3,7.775,48.0,1,0,0,1,0,1
1,2,13.0,39.0,0,0,1,1,1,1
1,3,8.1125,36.0,0,0,1,1,0,1
1,1,81.8583,40.0,0,0,1,0,0,0
1,2,19.5,28.0,0,0,1,0,0,0
1,1,26.55,24.0,0,0,1,1,0,0
1,3,19.2583,19.0,0,0,1,0,0,0
1,1,30.5,29.0,0,0,1,0,1,1
0,2,27.75,32.0,0,0,1,0,0,0
0,3,19.9667,62.0,0,0,1,0,0,0
0,1,27.75,53.0,0,0,1,1,0,1
1,1,89.1042,36.0,0,0,1,0,0,0
0,3,8.05,16.0,0,0,1,0,0,0
1,3,7.8958,19.0,0,0,1,0,0,0
0,1,26.55,34.0,0,0,1,0,0,1
1,1,51.8625,39.0,0,0,1,1,0,1
1,2,10.5,32.0,0,0,1,0,0,0
0,3,7.75,25.0,0,0,1,1,1,1
1,1,26.55,39.0,1,0,0,1,1,1
0,3,8.05,54.0,0,0,1,0,0,0
0,1,38.5,36.0,1,0,0,0,0,0
0,2,13.0,18.0,0,0,1,0,1,1
0,3,8.05,47.0,0,0,1,0,0,0
0,3,7.05,60.0,1,0,0,1,1,0
0,2,20.0,22.0,0,0,1,0,0,0
0,1,26.55,35.0,0,0,1,0,0,0
0,3,7.725,52.0,1,0,0,1,0,1
1,3,19.2583,47.0,0,0,1,0,0,0
0,3,7.25,37.0,0,0,1,1,0,0
0,3,8.6625,36.0,0,0,1,1,1,0
1,2,27.75,49.0,0,0,1,0,0,0
1,2,13.7917,49.0,1,0,0,1,0,0
0,3,9.8375,24.0,0,0,1,1,1,1
0,1,52.0,44.0,0,0,1,0,0,0
0,2,21.0,35.0,1,0,0,0,0,0
0,3,7.0458,36.0,0,0,1,1,0,0
0,3,7.5208,30.0,0,0,1,0,0,0
1,3,12.2875,27.0,0,0,1,0,0,0
0,3,46.9,22.0,1,0,0,1,1,1
0,2,20.0,40.0,0,0,1,0,0,1
0,3,8.05,39.0,0,0,1,1,1,1
1,3,9.5875,35.0,0,0,1,0,0,0
1,1,91.0792,24.0,0,0,1,1,1,1
0,3,25.4667,34.0,0,0,1,1,1,0
1,1,90.0,26.0,0,0,1,1,0,1
0,1,29.7,4.0,0,0,1,1,1,1
0,3,8.05,26.0,0,0,1,0,0,0
1,3,15.9,27.0,1,0,0,1,0,0
0,3,19.9667,42.0,0,0,1,1,0,0
0,3,7.25,20.0,1,0,0,1,1,0
0,1,30.5,21.0,0,0,1,0,0,0
0,1,49.5042,21.0,0,0,1,0,0,0
0,3,8.05,61.0,0,0,1,0,0,0
0,3,14.4583,57.0,0,1,0,0,0,0
1,1,78.2667,21.0,0,0,1,0,0,1
0,3,15.1,26.0,0,0,1,0,0,0
0,1,52.0,80.0,0,0,1,0,0,0
0,3,7.7958,51.0,0,0,1,0,0,0
0,3,8.6625,32.0,1,0,0,0,0,0
0,3,7.75,9.0,0,0,1,1,1,1
0,3,7.6292,28.0,0,0,1,0,0,1
0,3,9.5875,32.0,0,0,1,0,0,0
1,1,86.5,31.0,0,0,1,1,1,0
0,1,52.0,41.0,0,0,1,0,1,1
1,2,26.0,20.0,0,0,1,0,0,0
1,1,26.55,24.0,1,0,0,0,0,1
0,3,22.525,2.0,0,0,1,1,1,1
1,3,56.4958,0.75,1,0,0,1,1,1
1,3,7.75,48.0,1,0,0,1,0,0
0,3,8.05,19.0,0,0,1,0,0,0
1,1,26.2875,56.0,1,0,0,0,0,0
1,1,59.4,23.0,0,0,1,0,0,1
0,3,7.4958,18.0,0,0,1,0,1,1
0,1,34.0208,21.0,0,0,1,0,0,0
1,2,10.5,18.0,0,1,0,0,0,1
0,3,24.15,24.0,0,0,1,1,0,0
1,2,26.0,32.0,0,1,0,1,1,1
0,3,7.8958,23.0,0,0,1,0,0,0
1,1,93.5,58.0,1,0,0,0,1,0
0,3,7.8958,50.0,0,0,1,1,0,0
0,3,7.225,40.0,1,0,0,0,0,0
1,1,57.9792,47.0,0,0,1,0,0,0
0,3,7.2292,36.0,0,0,1,0,0,0
0,3,7.75,20.0,0,0,1,1,0,0
1,2,10.5,32.0,0,0,1,1,0,0
0,1,52.0,25.0,0,0,1,0,0,0
0,3,7.925,43.0,0,0,1,0,0,0
0,2,11.5,40.0,0,0,1,1,1,1
1,2,26.0,31.0,0,0,1,1,0,0
0,3,7.2292,70.0,0,0,1,0,0,0
0,3,7.2292,31.0,0,0,1,0,0,0
1,3,22.3583,18.0,0,0,1,0,0,0
0,3,8.6625,24.5,0,0,1,0,0,0
1,2,26.25,18.0,0,0,1,0,0,1
0,1,26.55,43.0,0,0,1,1,1,1
1,1,52.0,36.0,1,0,0,0,1,0
0,3,14.5,27.0,1,0,0,0,0,0
1,1,49.5,20.0,0,0,1,0,0,0
1,1,71.0,14.0,0,0,1,1,1,0
0,3,31.275,60.0,0,0,1,1,1,0
0,3,31.275,25.0,1,0,0,1,1,0
1,2,26.0,14.0,0,0,1,1,1,0
0,1,52.0,19.0,0,0,1,0,0,0
0,1,26.0,18.0,0,0,1,0,0,0
1,2,26.0,15.0,0,0,1,0,1,1
1,2,13.8625,31.0,0,0,1,1,0,0
0,3,20.525,4.0,1,0,0,0,1,1
1,2,36.75,25.0,1,0,0,0,0,0
1,1,52.0,60.0,0,0,1,0,0,0
0,2,26.0,52.0,0,0,1,0,0,0
0,3,7.8292,44.0,0,0,1,0,0,0
1,3,7.225,49.0,1,0,0,1,1,0
1,3,7.775,42.0,0,0,1,0,0,0
0,1,26.55,18.0,1,0,0,1,0,1
1,1,39.6,35.0,0,0,1,0,0,0
0,1,52.0,18.0,1,0,0,0,1,1
1,1,79.65,25.0,0,1,0,0,0,0
1,3,17.4,26.0,0,0,1,1,0,0
0,3,7.75,39.0,0,0,1,0,0,0
0,3,7.8958,45.0,0,0,1,0,0,1
0,2,13.5,42.0,0,0,1,0,0,0
0,3,8.05,22.0,0,0,1,0,0,1
0,3,8.05,24.0,1,0,0,0,0,1
0,3,24.15,48.0,0,0,1,1,0,0
0,3,7.8958,29.0,0,0,1,0,0,0
0,3,21.075,52.0,0,0,1,0,0,0
0,3,7.2292,19.0,0,0,1,0,0,0
1,3,7.8542,38.0,1,0,0,0,0,1
1,2,10.5,27.0,0,0,1,0,0,1
1,1,51.4792,33.0,0,0,1,0,0,0
1,1,26.3875,6.0,0,0,1,0,1,1
1,3,7.75,17.0,0,0,1,1,0,0
0,3,8.05,34.0,0,0,1,0,0,0
0,3,14.5,50.0,0,0,1,0,0,0
1,2,13.0,27.0,0,0,1,1,0,0
1,1,55.9,20.0,0,0,1,0,0,0
0,3,14.4583,30.0,0,0,1,1,0,1
1,3,7.925,25.0,0,0,1,1,0,0
1,2,30.0,25.0,0,0,1,1,0,1
1,1,52.0,29.0,0,0,1,0,0,1
0,2,26.0,11.0,1,0,0,0,0,0
0,1,40.125,23.0,0,0,1,0,0,0
0,3,8.7125,23.0,0,0,1,0,0,0
1,1,79.65,28.5,0,0,1,0,0,0
0,2,15.0,48.0,0,0,1,1,1,1
1,1,79.2,35.0,1,0,0,0,0,0
0,3,8.05,36.0,0,0,1,1,0,0
0,3,8.05,21.0,1,0,0,1,1,1
0,3,7.125,24.0,0,0,1,1,0,0
1,1,78.2667,31.0,0,0,1,0,0,0
0,3,7.25,70.0,0,0,1,1,1,0
0,3,7.75,16.0,0,0,1,1,1,0
0,2,26.0,30.0,0,0,1,0,0,1
0,3,24.15,19.0,0,0,1,1,0,0
1,2,33.0,31.0,0,1,0,0,0,0
0,3,13.0,4.0,0,0,1,1,1,1
0,3,7.225,6.0,0,0,1,0,1,0
1,1,56.9292,33.0,0,0,1,0,0,0
1,2,27.0,23.0,0,0,1,0,0,0
0,3,7.8958,48.0,0,0,1,1,1,1
0,1,42.4,0.67,0,0,1,1,1,0
0,3,8.05,28.0,0,0,1,0,0,0
1,1,26.55,18.0,0,0,1,0,0,0
0,3,15.55,34.0,0,0,1,0,0,0
0,3,7.8958,33.0,0,0,1,0,0,1
1,1,30.5,41.0,0,0,1,0,0,0
1,2,41.5792,20.0,1,0,0,0,0,0
1,1,52.0,36.0,0,0,1,1,1,1
0,3,31.275,16.0,0,0,1,0,0,0
0,3,7.05,51.0,0,0,1,1,0,1
1,3,15.5,30.5,0,1,0,0,0,1
0,3,7.75,32.0,0,0,1,0,0,0
0,3,8.05,24.0,0,0,1,0,0,0
1,2,65.0,48.0,0,0,1,0,0,0
0,3,14.4,57.0,0,0,1,0,0,1
0,3,16.1,54.0,0,0,1,1,1,1
1,2,39.0,18.0,0,0,1,0,0,0
0,2,10.5,5.0,0,0,1,0,0,1
0,3,14.4542,43.0,0,0,1,0,1,1
1,1,52.5542,13.0,1,0,0,0,0,1
1,3,15.7417,17.0,0,0,1,1,0,1
0,3,7.8542,29.0,0,0,1,0,0,0
0,3,16.1,25.0,0,0,1,0,0,0
0,1,32.3208,25.0,0,0,1,0,0,0
0,2,12.35,18.0,0,0,1,0,0,1
1,1,77.9583,8.0,0,1,0,1,1,0
0,3,7.8958,1.0,0,0,1,1,1,0
0,3,7.7333,46.0,1,0,0,0,0,0
1,1,30.0,16.0,0,0,1,0,0,0
0,3,7.0542,25.0,0,0,1,0,0,0
1,1,30.5,39.0,0,0,1,0,0,0
0,1,50.0,49.0,0,0,1,0,0,1
0,3,27.9,31.0,0,0,1,0,0,1
1,2,13.0,30.0,1,0,0,0,0,0
0,3,7.925,30.0,0,0,1,1,1,1
0,2,26.25,34.0,0,0,1,0,0,0
0,3,39.6875,31.0,0,0,1,1,1,1
0,3,16.1,11.0,0,0,1,1,1,0
0,3,7.8542,0.42,1,0,0,0,1,0
1,1,69.3,27.0,0,0,1,0,0,0
0,3,27.9,31.0,0,0,1,0,0,0
1,3,56.4958,39.0,0,0,1,0,0,0
1,3,19.2583,18.0,0,0,1,0,0,1
1,1,76.7292,39.0,0,0,1,0,0,0
0,3,7.8958,33.0,0,0,1,1,0,1
1,1,35.5,26.0,0,0,1,0,0,0
0,3,7.55,39.0,0,0,1,0,0,0
1,3,7.55,35.0,0,0,1,0,0,0
0,3,7.8958,6.0,0,0,1,1,1,1
1,2,23.0,30.5,0,0,1,0,0,0
0,3,8.4333,23.0,0,0,1,0,0,1
1,3,7.8292,31.0,1,0,0,1,1,0
0,3,6.75,43.0,0,0,1,0,0,0
0,2,73.5,10.0,0,0,1,1,1,0
0,3,7.8958,52.0,0,0,1,1,1,1
0,3,15.5,27.0,0,0,1,0,0,0
0,2,13.0,38.0,0,0,1,0,0,0
0,1,52.0,27.0,0,0,1,0,1,1
1,1,52.0,2.0,0,0,1,1,1,0
0,3,7.225,1.0,1,0,0,0,1,0
0,1,25.5875,62.0,0,0,1,0,0,1
0,3,7.4958,15.0,1,0,0,1,0,1
1,3,7.925,0.83,0,0,1,1,1,0
0,2,73.5,23.0,0,0,1,0,0,0
0,2,13.0,18.0,0,0,1,0,0,0
0,3,7.775,39.0,1,0,0,1,1,1
0,3,8.05,21.0,0,0,1,0,0,0
1,1,52.0,32.0,0,0,1,0,0,0
1,2,39.0,20.0,0,0,1,0,0,0
0,1,52.0,16.0,0,0,1,0,0,0
0,2,10.5,30.0,1,0,0,0,0,1
1,2,13.0,34.5,1,0,0,0,0,0
0,2,20.0,17.0,0,0,1,0,0,0
0,3,7.775,42.0,0,0,1,0,0,0
0,3,8.05,35.0,1,0,0,0,0,0
1,3,9.8417,28.0,0,0,1,0,1,0
0,3,46.9,4.0,0,0,1,1,1,0
1,1,52.0,74.0,0,0,1,0,0,0
0,3,8.1375,9.0,1,0,0,1,1,1
1,1,76.7292,16.0,0,0,1,0,1,1
0,3,9.225,44.0,0,0,1,1,0,1
0,3,46.9,18.0,0,0,1,0,1,1
0,2,39.0,45.0,0,0,1,1,1,1
0,2,41.5792,51.0,0,0,1,0,0,0
0,3,39.6875,24.0,1,0,0,0,1,1
0,3,10.1708,41.0,0,0,1,1,0,0
0,3,7.7958,21.0,0,0,1,1,0,0
1,1,52.0,48.0,0,0,1,0,0,1
1,1,57.0,24.0,0,0,1,0,0,0
1,3,13.4167,42.0,0,0,1,0,0,1
1,3,56.4958,27.0,1,0,0,1,0,1
0,3,7.225,31.0,0,0,1,0,0,0
0,1,26.55,4.0,0,0,1,1,1,0
0,2,13.5,26.0,0,0,1,0,0,0
0,3,8.05,47.0,0,0,1,1,1,1
1,3,7.7333,33.0,0,0,1,0,0,0
0,1,52.0,47.0,0,0,1,0,0,0
0,3,7.65,28.0,1,0,0,1,0,1
1,1,52.0,15.0,1,0,0,0,0,1
1,1,26.2875,20.0,0,0,1,0,0,0
0,3,14.4542,19.0,0,0,1,0,0,0
0,3,7.7417,56.0,1,0,0,0,1,1
0,3,7.8542,25.0,0,0,1,0,1,1
0,2,26.0,33.0,0,0,1,0,0,0
1,2,13.5,22.0,0,0,1,0,0,1
1,1,26.2875,28.0,0,0,1,0,0,0
1,1,52.0,25.0,0,0,1,0,0,0
1,3,15.2458,39.0,0,1,0,0,1,1
1,1,49.5042,27.0,0,0,1,0,0,0
0,1,26.55,19.0,0,0,1,0,0,1
1,1,52.0,26.0,1,0,0,0,0,0
0,3,9.4833,32.0,0,1,0,0,0,0
0,2,13.0,36.0,0,1,0,0,0,0
0,3,7.65,32.0,0,0,1,0,0,0
1,1,52.0,14.0,1,0,0,0,0,1
1,2,10.5,30.0,1,0,0,0,0,0
0,3,15.5,21.0,0,1,0,0,0,1
0,3,7.775,27.0,0,0,1,0,0,0
1,2,33.0,38.0,1,0,0,1,0,1
0,3,7.0542,23.0,0,1,0,0,0,1
0,2,13.0,25.0,1,0,0,0,0,0
0,2,13.0,31.0,1,0,0,0,0,0
1,1,53.1,32.0,0,0,1,0,0,0
0,3,8.6625,38.0,0,1,0,1,0,0
1,2,21.0,23.0,0,1,0,0,0,1
1,3,7.7375,20.0,1,0,0,1,0,0
0,2,26.0,42.0,0,0,1,0,0,0
0,3,7.925,40.0,1,0,0,0,0,0
1,1,52.0,19.0,1,0,0,1,1,0
0,3,18.7875,27.0,0,0,1,0,0,0
0,2,20.0,32.0,0,0,1,0,0,0
0,2,13.0,21.0,0,1,0,0,0,1
0,2,13.0,32.0,0,0,1,0,0,0
0,3,16.1,32.0,0,0,1,0,0,0
0,3,34.375,27.0,0,0,1,0,0,0
1,1,52.0,28.0,0,0,1,0,0,0
0,3,7.8958,20.0,0,1,0,1,0,1
0,3,7.8958,32.0,0,0,1,0,0,0
1,1,30.0,52.0,0,1,0,0,0,0
0,1,78.85,2.0,1,0,0,1,1,1
1,1,52.0,20.0,1,0,0,0,1,1
0,3,16.1,30.0,0,0,1,0,0,0
1,3,7.925,24.0,0,0,1,0,0,0
0,1,71.0,32.0,0,0,1,1,1,0
0,3,20.25,27.0,0,0,1,0,1,1
1,2,13.0,51.0,0,0,1,0,0,0
0,1,53.1,20.0,0,0,1,1,1,0
0,3,7.75,39.0,0,0,1,1,1,1
1,2,23.0,30.0,1,0,0,0,0,0
1,3,12.475,40.0,0,0,1,0,0,0
0,3,9.5,26.0,0,1,0,1,0,1
0,3,7.8958,52.0,0,1,0,0,0,0
1,2,65.0,23.0,0,1,0,0,0,1
1,2,14.5,32.0,0,0,1,1,1,0
0,3,7.7958,47.0,0,1,0,1,0,0
0,2,11.5,27.0,0,0,1,0,0,0
0,3,8.05,18.0,0,0,1,1,1,1
1,1,86.5,21.0,0,0,1,0,0,1
0,3,14.5,16.0,1,0,0,1,0,1
0,3,7.125,26.0,0,1,0,1,0,1
1,3,7.2292,30.0,0,0,1,0,0,0
1,1,52.0,32.0,1,0,0,0,0,1
0,3,7.775,52.0,0,1,0,0,0,0
1,1,77.9583,23.0,0,1,0,0,0,1
0,1,39.6,47.0,0,0,1,0,0,0
0,3,7.75,23.0,0,1,0,0,0,1
0,3,24.15,36.0,0,0,1,0,0,0
0,3,8.3625,53.0,0,0,1,0,0,0
0,3,9.5,40.0,1,0,0,0,0,0
0,3,7.8542,47.0,0,0,1,0,0,0
0,2,10.5,23.0,0,1,0,0,0,1
0,3,7.225,32.0,0,1,0,1,0,0
1,2,23.0,29.0,0,1,0,0,0,1
0,3,7.75,32.0,0,0,1,0,0,0
0,3,7.75,29.0,1,0,0,0,0,1
1,3,12.475,32.0,0,0,1,1,1,0
0,3,7.7375,21.0,0,1,0,1,0,1
1,1,52.0,35.0,0,0,1,1,0,1
1,3,7.2292,27.0,0,0,1,0,0,0
1,1,57.0,26.0,0,0,1,1,0,1
0,1,30.0,56.0,0,0,1,0,0,0
0,3,23.45,30.0,1,0,0,0,0,0
0,3,7.05,21.0,0,1,0,0,0,1
0,3,7.25,21.0,0,1,0,0,0,1
1,3,7.4958,38.0,0,1,0,1,0,0
0,3,29.125,13.0,1,0,0,0,0,1
1,3,20.575,23.0,0,1,0,0,0,1
0,1,79.2,34.0,1,0,0,1,0,1
0,3,7.75,27.0,0,0,1,0,0,0
0,2,26.0,21.0,0,1,0,0,0,0
0,3,69.55,18.0,0,0,1,1,1,1
0,1,30.6958,27.0,0,0,1,0,0,0
0,3,7.8958,22.0,0,1,0,0,0,0
0,2,13.0,36.0,0,0,1,0,0,0
1,1,25.9292,27.0,0,0,1,0,0,1
1,3,8.6833,31.0,1,0,0,0,0,0
0,3,7.2292,30.0,0,0,1,0,0,0
0,3,24.15,52.0,0,1,0,0,0,0
0,2,13.0,26.0,0,0,1,1,0,1
1,2,26.25,25.0,0,0,1,0,0,0
1,1,52.0,18.0,0,0,1,1,0,0
1,3,8.5167,32.0,0,0,1,0,0,0
1,3,6.975,44.0,0,0,1,1,0,1
0,3,7.775,52.0,0,1,0,0,0,0
0,1,50.0,32.0,0,0,1,0,0,0
0,3,7.775,36.0,0,0,1,0,0,0
0,2,13.0,21.0,0,1,0,0,0,0
1,1,53.1,30.0,0,0,1,0,0,0
0,3,7.8875,45.0,0,0,1,0,0,0
0,3,24.15,36.0,0,0,1,0,0,0
0,2,10.5,18.0,0,0,1,1,1,1
0,3,31.275,18.0,0,0,1,1,0,0
0,3,8.05,22.0,1,0,0,0,0,0
0,1,50.0,26.0,0,0,1,0,0,0
0,3,7.925,18.0,0,1,0,0,0,1
0,2,37.0042,52.0,0,0,1,0,0,0
0,3,6.45,32.0,0,0,1,0,0,0
0,3,27.9,40.0,0,1,0,0,0,0
1,1,93.5,30.0,1,0,0,0,0,0
1,3,8.6625,25.0,1,0,0,0,0,0
0,1,50.0,33.0,0,0,1,0,0,0
1,3,12.475,25.0,1,0,0,0,0,0
0,3,39.6875,4.0,1,0,0,0,1,1
0,3,6.95,26.0,0,0,1,0,0,0
0,3,56.4958,30.0,1,0,0,0,0,0
1,2,37.0042,36.0,0,1,0,0,0,0
1,3,7.75,29.0,1,0,0,0,0,0
1,1,80.0,52.0,0,1,0,0,0,0
1,3,14.4542,32.0,0,0,1,0,0,0
1,2,18.75,27.0,0,0,1,0,0,1
0,3,7.2292,25.0,1,0,0,0,0,0
0,3,7.8542,23.0,0,1,0,0,0,1
0,3,8.3,17.0,1,0,0,1,0,1
1,1,83.1583,31.0,1,0,0,0,0,0
0,3,8.6625,32.0,0,0,1,0,0,0
0,3,8.05,28.0,0,1,0,0,1,1
1,3,56.4958,25.0,0,0,1,0,0,1
1,1,29.7,30.0,1,0,0,0,0,0
0,3,7.925,27.0,0,0,1,0,0,0
0,2,10.5,43.0,0,0,1,0,0,0
1,1,31.0,26.0,0,0,1,0,0,0
0,3,6.4375,26.0,0,1,0,1,0,1
0,3,8.6625,52.0,0,1,0,0,0,0
0,3,7.55,21.0,0,1,0,0,0,0
0,3,69.55,38.0,0,0,1,0,0,0
0,3,7.8958,27.0,0,0,1,1,0,0
0,2,33.0,29.0,0,0,1,0,0,0
1,1,89.1042,35.0,0,0,1,0,0,0
0,3,31.275,27.0,0,0,1,0,0,0
0,3,7.775,20.0,0,1,0,0,0,1
0,3,15.2458,27.0,0,0,1,0,0,0
1,1,39.4,28.0,0,0,1,0,0,0
0,2,26.0,40.0,0,0,1,1,0,1
1,3,9.35,36.0,0,0,1,0,0,0
1,1,52.0,19.0,0,1,0,0,0,1
1,1,26.55,29.0,0,0,1,0,0,0
1,3,19.2583,18.0,0,1,0,0,0,1
0,3,7.2292,19.0,1,0,0,1,1,0
0,3,14.1083,52.0,0,0,1,0,0,0
0,2,11.5,37.0,0,1,0,0,0,0
1,1,25.9292,18.0,0,1,0,0,0,1
0,3,69.55,36.0,0,0,1,0,0,0
0,2,13.0,27.0,0,0,1,0,0,0
1,2,13.0,27.0,0,0,1,0,0,0
1,2,13.8583,55.0,0,0,1,0,0,0
0,1,50.4958,26.0,0,0,1,0,0,0
0,3,9.5,48.0,1,0,0,0,0,0
1,3,11.1333,32.0,0,1,0,1,0,0
0,3,7.8958,30.0,1,0,0,0,0,0
1,1,52.5542,52.0,0,1,0,0,0,0
0,1,5.0,21.0,0,1,0,0,0,0
0,3,9.0,21.0,0,0,1,1,1,0
1,2,24.0,52.0,0,1,0,0,0,0
1,3,7.225,39.0,0,0,1,1,1,1
0,3,9.8458,49.0,1,0,0,0,0,0
0,3,7.8958,38.0,0,0,1,0,0,0
0,3,7.8958,22.0,0,1,0,0,0,0
1,1,83.1583,29.0,0,0,1,0,0,0
1,2,26.0,52.0,0,1,0,0,0,0
0,3,7.8958,25.0,1,0,0,0,0,0
0,3,10.5167,32.0,0,0,1,0,0,0
0,2,10.5,46.0,1,0,0,0,0,0
0,3,7.05,32.0,0,0,1,1,1,0
0,3,29.125,31.0,1,0,0,1,0,1
0,2,13.0,25.0,1,0,0,0,0,0
1,1,30.0,39.0,0,0,1,1,1,1
0,3,23.45,27.0,0,0,1,0,0,0
1,1,30.0,27.0,0,0,1,0,0,0
0,3,7.75,15.0,0,0,1,1,1,1
